ORG4CODE,ORG8CODE,DISTRICT_N,DISTRICT_T,MEMBERLIST,TUITION,TUITION_GR,TUITION_TO,SUPERINTEN,START_GRAD,END_GRADE,SHAPE_AREA,SHAPE_LEN
0632,06320000,Chesterfield-Goshen,ReglElem,"Chesterfield, Goshen",N,,,Union 66,PK,06,126761390.992,54106.2930885
0635,06350000,Central Berkshire,ReglK12,"Becket, Cummington, Dalton, Hinsdale, Peru, Washington, Windsor",N,,,,PK,12,555384356.286,139665.161811
0640,06400000,Concord-Carlisle,ReglHS,"Concord, Carlisle",N,,,,09,12,107111592.133,50368.9753063
0645,06450000,Dennis-Yarmouth,ReglK12,"Dennis, Yarmouth",N,,,,PK,12,121856160.27,96095.6693766
0650,06500000,Dighton-Rehoboth,ReglK12,"Dighton, Rehoboth",N,,,,PK,12,180669897.36,65115.3796516
0655,06550000,Dover-Sherborn,ReglHS,"Dover, Sherborn",N,,,Union 50,06,12,81774484.9275,59594.1062058
0658,06580000,Dudley-Charlton,ReglK12,"Dudley, Charlton",N,,,,PK,12,170107487.75,66325.812786
0685,06850000,Hawlemont,ReglElem,"Charlemont, Hawley",N,,,,PK,06,148095641.264,66060.4877906
0690,06900000,King Philip,ReglHS,"Norfolk, Plainville, Wrentham",N,,,,07,12,128189811.473,62315.5785994
0660,06600000,Nauset,ReglHS,"Brewster, Eastham, Orleans, Wellfleet",N,,,Union 54,06,12,198318542.057,198948.851391
0662,06620000,Farmington River,ReglElem,"Otis, Sandisfield",Y,7-12,"Berkshire Hills, Lee",,PK,06,235698625.691,77408.3507061
0665,06650000,Freetown-Lakeville,ReglK12,"Freetown, Lakeville",N,,,,PK,12,185731852.871,77801.8359156
0670,06700000,Frontier,ReglHS,"Conway, Deerfield, Sunderland, Whately",N,,,Union 38,07,12,276428950.762,85221.0877629
0672,06720000,Gateway,ReglK12,"Blandford, Chester, Huntington, Middlefield, Montgomery, Russell",N,,,,PK,12,451934655.929,108624.521204
0673,06730000,Groton-Dunstable,ReglK12,"Groton, Dunstable",N,,,,PK,12,130876230.937,72010.350128
0674,06740000,Gill-Montague,ReglK12,"Gill, Montague",N,,,,PK,12,119773876.931,61488.0312685
0675,06750000,Hamilton-Wenham,ReglK12,"Hamilton, Wenham",N,,,,PK,12,59678043.7722,44848.9956315
0680,06800000,Hampden-Wilbraham,ReglK12,"Hampden, Wilbraham",N,,,,PK,12,108706303.897,49624.8979887
0683,06830000,Hampshire,ReglHS,"Chesterfield, Goshen, Southampton, Westhampton, Williamsburg",N,,,Union 66,07,12,339082402.829,115332.158066
0600,06000000,Acton-Boxborough,ReglK12,"Acton, Boxborough",N,,,,PK,12,79516117.2025,42892.6966897
0603,06030000,Adams-Cheshire,ReglK12,"Adams, Cheshire",N,,,,PK,12,130734199.06,58645.052944
0605,06050000,Amherst-Pelham,ReglHS,"Amherst, Pelham, Leverett, Shutesbury",N,,,Union 26,07,12,270315923.244,87471.1828732
0610,06100000,Ashburnham-Westminster,ReglK12,"Ashburnham, Westminster",N,,,,PK,12,202551101.192,75401.1472552
0615,06150000,Athol-Royalston,ReglK12,"Athol, Royalston",N,,,,PK,12,196601793.735,80306.2396524
0616,06160000,Ayer Shirley,ReglK12,"Ayer, Shirley",N,,,,PK,12,65782102.1689,50426.7716798
0618,06180000,Berkshire Hills,ReglK12,"Great Barrington, Stockbridge, West Stockbridge",N,,,,PK,12,228249604.13,71337.4008909
0620,06200000,Berlin-Boylston,ReglK12,"Berlin, Boylston",N,,,Union 60,PK,12,85255566.5003,49673.6655531
0622,06220000,Blackstone-Millville,ReglK12,"Blackstone, Millville",N,,,,PK,12,42340495.2409,26508.3693776
0625,06250000,Bridgewater-Raynham,ReglK12,"Bridgewater, Raynham",N,,,,PK,12,127226428.431,63249.3985107
0766,07660000,Southwick-Tolland-Granville,ReglK12,"Granville, Southwick, Tolland",N,,,,PK,12,278618173.007,89054.1200496
0767,07670000,Spencer-E Brookfield,ReglK12,"East Brookfield, Spencer",N,,,,PK,12,115068968.574,52314.2360689
0770,07700000,Tantasqua,ReglHS,"Brimfield, Brookfield, Holland, Sturbridge, Wales",N,,,Union 61,07,12,310529819.623,91555.6547641
0773,07730000,Triton,ReglK12,"Newbury, Rowley, Salisbury",N,,,,PK,12,154987627.415,108556.440514
0774,07740000,Up-Island,ReglElem,"Aquinnah, Chilmark, West Tisbury",N,,,Union 19,PK,08,135522607.412,86906.8872911
0775,07750000,Wachusett,ReglK12,"Holden, Paxton, Princeton, Rutland, Sterling",N,,,,PK,12,402839609.62,95070.068385
0778,07780000,Quaboag,ReglK12,"Warren, West Brookfield",N,,,,PK,12,126238344.445,55465.9659609
0780,07800000,Whitman-Hanson,ReglK12,"Hanson, Whitman",N,,,,PK,12,58770382.4091,42222.7625403
0109,01090000,Gosnold,MuniElem,,Y,K-12 (Naushon Islands); 9-12 (Cuttyhunk),Falmouth,,PK,06,34819136.6359,100167.445417
0003,00030000,Acushnet,MuniElem,,Y,9-12,"Fairhaven, New Bedford",,PK,08,48896419.7952,31099.5716322
0008,00080000,Amherst,MuniElem,,N,,,Union 26,PK,06,71882639.8809,40766.3448475
0043,00430000,Brimfield,MuniElem,,N,,,Union 61,PK,06,91471330.3626,42506.12067
0190,01900000,Monroe,TuitionK12,,Y,PK-12,Florida (Gr PK-8); North Adams (Gr 9-12),Union 43,,,27940186.5533,23556.475457
0195,01950000,Mount Washington,TuitionK12,,Y,PK-12,Southern Berkshire,,,,57988843.7886,31618.4343094
0196,01960000,Nahant,MuniElem,,Y,7-12,Swampscott,,PK,06,3249309.4675,20844.5392693
0200,02000000,New Ashford,TuitionK12,,Y,PK-12,Mount Greylock,Union 70,,,34900171.8461,27059.6859147
0242,02420000,Provincetown,MuniElem,,Y,9-12,Nauset,,PK,08,27045667.9871,59850.9429621
0038,00380000,Boxford,MuniElem,,N,,,Union 58,PK,06,63216180.2928,44884.8836686
0300,03000000,Truro,MuniElem,,Y,6-12,Nauset,,PK,05,56987747.7139,52277.711251
0302,03020000,Tyringham,TuitionK12,,Y,PK-12,Lee,,,,48838968.8198,29485.9906065
0164,01640000,Lynnfield,MuniK12,,N,,,,PK,12,27046601.4241,27790.2519998
0159,01590000,Longmeadow,MuniK12,,N,,,,PK,12,24849962.8951,19827.9859619
0045,00450000,Brookfield,MuniElem,,N,,,Union 61,PK,06,42943885.889,32910.498845
0051,00510000,Carlisle,MuniElem,,N,,,,PK,08,40207034.4863,25118.466083
0063,00630000,Clarksburg,MuniElem,,Y,9-12,North Adams,Union 43,K,08,33130145.8944,25539.4832828
0067,00670000,Concord,MuniElem,,N,,,,PK,08,66904557.6467,36342.9715231
0068,00680000,Conway,MuniElem,,N,,,Union 38,PK,06,98100323.4513,47214.163901
0050,00500000,Canton,MuniK12,,N,,,,PK,12,50541640.1012,32125.5826298
0185,01850000,Milford,MuniK12,,N,,,,PK,12,38909665.267,28283.5758761
0026,00260000,Belmont,MuniK12,,N,,,,PK,12,12218653.779,16672.5926804
0182,01820000,Middleborough,MuniK12,,N,,,,PK,12,187001109.86,72570.7833835
0199,01990000,Needham,MuniK12,,N,,,,PK,12,32947766.8199,28960.0128249
0246,02460000,Reading,MuniK12,,N,,,,PK,12,25874497.0427,23126.4713027
0695,06950000,Lincoln-Sudbury,ReglHS,"Lincoln, Sudbury",N,,,,09,12,102893025.231,68669.9783523
0698,06980000,Manchester Essex,ReglK12,"Essex, Manchester",N,,,,PK,12,58143523.3133,62971.0410258
0700,07000000,Marthas Vineyard,ReglHS,"Aquinnah, Chilmark, Edgartown, Oak Bluffs, Tisbury, West Tisbury",N,,,Union 19,09,12,245340628.806,215610.696402
0705,07050000,Masconomet,ReglHS,"Boxford, Middleton, Topsfield",N,,,,07,12,133889834.125,73132.7764286
0710,07100000,Mendon-Upton,ReglK12,"Mendon, Upton",N,,,,PK,12,103135117.144,61581.8330079
0712,07120000,Monomoy,ReglK12,"Chatham, Harwich",N,,,,PK,12,104747389.04,127101.430863
0715,07150000,Mount Greylock,ReglK12,"Lanesborough, Williamstown",N,,,,PK,12,197975133.65,88980.7677767
0717,07170000,Mohawk Trail,ReglK12,"Ashfield, Buckland, Charlemont, Colrain, Hawley, Heath, Plainfield, Shelburne",N,,,,PK,12,448486157.653,145923.48965
,,Mohawk Trail Secondary Membership,,,N,,,,,,596581798.916,120301.739371
0728,07280000,New Salem-Wendell,ReglElem,"New Salem, Wendell",N,,,Union 28,PK,06,235461814.289,111792.780139
0740,07400000,Old Rochester,ReglHS,"Marion, Mattapoisett, Rochester",N,,,Union 55,07,12,175882894.675,109757.647136
0750,07500000,Pioneer Valley,ReglK12,"Bernardston, Leyden, Northfield, Warwick",N,,,,PK,12,296532972.609,105539.470794
0755,07550000,Ralph C Mahar,ReglHS,"New Salem-Wendell, Orange, Petersham",N,,,Union 73,07,12,505478154.815,158324.816987
0760,07600000,Silver Lake,ReglHS,"Halifax, Kingston, Plympton",N,,,Union 31,07,12,133537292.987,54947.5158404
0763,07630000,Somerset Berkley,ReglHS,"Berkley, Somerset",N,,,,09,12,64109889.7359,72947.7637228
0720,07200000,Narragansett,ReglK12,"Phillipston, Templeton",N,,,,PK,12,147669424.675,55506.932314
0725,07250000,Nashoba,ReglK12,"Bolton, Lancaster, Stow",N,,,,PK,12,171089780.609,78254.911418
0730,07300000,Northboro-Southboro,ReglHS,"Northborough, Southborough",N,,,Union 3,09,12,88750396.2809,56502.029824
0735,07350000,North Middlesex,ReglK12,"Ashby, Pepperell, Townsend",N,,,,PK,12,207822165.949,83643.8978375
0745,07450000,Pentucket,ReglK12,"Groveland, Merrimac, West Newbury",N,,,,PK,12,85533115.6346,51630.0245225
0753,07530000,Quabbin,ReglK12,"Barre, Hardwick, Hubbardston, New Braintree, Oakham",N,,,,PK,12,439281918.767,109873.540863
0765,07650000,Southern Berkshire,ReglK12,"Alford, Egremont, Monterey, New Marlborough, Sheffield",N,,,,PK,12,399528203.092,119262.202089
0244,02440000,Randolph,MuniK12,,N,,,,PK,12,26971975.0321,24248.3403089
0174,01740000,Maynard,MuniK12,,N,,,,PK,12,13903410.0021,14674.5841294
0295,02950000,Tewksbury,MuniK12,,N,,,,PK,12,54771580.8577,34481.7160109
0010,00100000,Arlington,MuniK12,,N,,,,PK,12,14203937.8273,16929.0289707
0335,03350000,Westwood,MuniK12,,N,,,,PK,12,28965192.7147,29416.0656508
0187,01870000,Millis,MuniK12,,N,,,,PK,12,31760624.0782,28285.791037
0301,03010000,Tyngsborough,MuniK12,,N,,,,PK,12,46800582.8711,43250.995296
0097,00970000,Fitchburg,MuniK12,,N,,,,PK,12,72821650.8603,40862.9010334
0309,03090000,Ware,MuniK12,,N,,,,PK,12,103539764.539,58487.9206563
0025,00250000,Bellingham,MuniK12,,N,,,,PK,12,48919135.1993,34810.2626298
0048,00480000,Burlington,MuniK12,,N,,,,K,12,30723422.2759,23754.8720487
0152,01520000,Lenox,MuniK12,,N,,,,PK,12,56117318.0037,37492.1676941
0343,03430000,Winchendon,MuniK12,,N,,,,PK,12,114247197.379,42724.8702512
0141,01410000,Hudson,MuniK12,,N,,,,PK,12,30740152.0232,30054.9088444
0321,03210000,Westborough,MuniK12,,N,,,,PK,12,55576826.7549,34961.1100838
0323,03230000,West Bridgewater,MuniK12,,N,,,,PK,12,40594007.1601,26926.2726803
0316,03160000,Webster,MuniK12,,N,,,,PK,12,37804130.9817,26033.4284511
0325,03250000,Westfield,MuniK12,,N,,,,PK,12,122538440.18,46139.6666287
0170,01700000,Marlborough,MuniK12,,N,,,,PK,12,57241191.6269,33681.1503211
0024,00240000,Belchertown,MuniK12,,N,,,,PK,12,143164004.888,63493.952732
0304,03040000,Uxbridge,MuniK12,,N,,,,PK,12,78381799.4926,39623.3028323
0207,02070000,Newton,MuniK12,,N,,,,PK,12,47019520.8789,36766.323035
0017,00170000,Auburn,MuniK12,,N,,,,PK,12,42512969.9851,24816.9954075
0061,00610000,Chicopee,MuniK12,,N,,,,PK,12,61826252.2345,34656.8746343
0209,02090000,North Adams,MuniK12,,N,,,,PK,12,53392639.2335,30768.5448786
0266,02660000,Sharon,MuniK12,,N,,,,PK,12,63334448.6462,35399.721589
0167,01670000,Mansfield,MuniK12,,N,,,,PK,12,52902104.5416,31080.0981407
0079,00790000,Dracut,MuniK12,,N,,,,PK,12,55522005.0544,38335.1733907
0005,00050000,Agawam,MuniK12,,N,,,,PK,12,63021907.2593,38060.7130344
0175,01750000,Medfield,MuniK12,,N,,,,PK,12,37955730.4077,33821.8547329
0348,03480000,Worcester,MuniK12,,N,,,,PK,12,99562707.1318,42619.2767682
0315,03150000,Wayland,MuniK12,,N,,,,PK,12,41063123.7161,35891.3483758
0317,03170000,Wellesley,MuniK12,,N,,,,PK,12,27269576.387,26738.5943686
0155,01550000,Lexington,MuniK12,,N,,,,PK,12,43093413.6387,26948.2278418
0277,02770000,Southbridge,MuniK12,,N,,,,PK,12,54026424.1604,35822.368583
0215,02150000,North Brookfield,MuniK12,,N,,,,K,12,56843153.5725,31053.5746717
0314,03140000,Watertown,MuniK12,,N,,,,PK,12,10681446.6125,16955.2703107
0088,00880000,Easton,MuniK12,,N,,,,PK,12,75713803.5994,36062.1079448
0198,01980000,Natick,MuniK12,,N,,,,PK,12,41337981.602,30557.5678704
0044,00440000,Brockton,MuniK12,,N,,,,PK,12,55724091.4611,32616.9354866
0326,03260000,Westford,MuniK12,,N,,,,PK,12,81226634.0748,37313.4958908
0265,02650000,Seekonk,MuniK12,,N,,,,PK,12,48289466.8643,36129.4140612
0227,02270000,Palmer,MuniK12,,N,,,,PK,12,82871148.4946,51120.9603267
0099,00990000,Foxborough,MuniK12,,N,,,,PK,12,53987529.5935,31841.3102949
0220,02200000,Norwood,MuniK12,,N,,,,PK,12,27193616.7915,22840.5639318
0161,01610000,Ludlow,MuniK12,,N,,,,PK,12,73389122.1042,36988.1215797
0111,01110000,Granby,MuniK12,,N,,,,PK,12,72707908.653,34178.7458029
0150,01500000,Lee,MuniK12,,N,,,,PK,12,69963490.5459,41725.4506771
0105,01050000,Georgetown,MuniK12,,N,,,,PK,12,34054312.3303,24443.0413649
0052,00520000,Carver,MuniK12,,N,,,,PK,12,102880648.168,47726.1906778
0001,00010000,Abington,MuniK12,,N,,,,PK,12,26390847.0697,24139.4131198
0212,02120000,North Attleborough,MuniK12,,N,,,,PK,12,50191425.7032,32069.5274804
0322,03220000,West Boylston,MuniK12,,N,,,,PK,12,35905571.4877,30912.773965
0056,00560000,Chelmsford,MuniK12,,N,,,,PK,12,59787673.8263,38973.277804
0031,00310000,Billerica,MuniK12,,N,,,,PK,12,68158855.1548,39129.8127597
0139,01390000,Hopkinton,MuniK12,,N,,,,PK,12,72137074.9595,36926.9137349
0125,01250000,Harvard,MuniK12,,N,,,,PK,12,70327484.6365,39222.2972849
0127,01270000,Hatfield,MuniK12,,N,,,,PK,12,43569506.9827,30192.9921214
0101,01010000,Franklin,MuniK12,,N,,,,PK,12,69998126.0055,36786.1208206
0153,01530000,Leominster,MuniK12,,N,,,,PK,12,76866230.7626,42258.665471
0018,00180000,Avon,MuniK12,,N,,,,PK,12,11754175.9711,14934.2415546
0064,00640000,Clinton,MuniK12,,N,,,,PK,12,18805461.0619,18720.9708178
0016,00160000,Attleboro,MuniK12,,N,,,,PK,12,71925427.5328,39370.2311179
0285,02850000,Stoughton,MuniK12,,N,,,,PK,12,42644406.8674,31388.1283161
0122,01220000,Hanover,MuniK12,,N,,,,PK,12,40478068.4934,30127.6984885
0210,02100000,Northampton,MuniK12,,N,,,,PK,12,92587330.1761,42457.1658489
0307,03070000,Walpole,MuniK12,,N,,,,PK,12,54554219.6294,37932.0536885
0347,03470000,Woburn,MuniK12,,N,,,,PK,12,33522274.0438,27522.3462022
0290,02900000,Sutton,MuniK12,,N,,,,PK,12,88125697.1745,46473.4973329
0100,01000000,Framingham,MuniK12,,N,,,,PK,12,68642060.1933,35082.75397
0305,03050000,Wakefield,MuniK12,,N,,,,PK,12,20704636.1337,22293.6663599
0251,02510000,Rockland,MuniK12,,N,,,,PK,12,26209250.3619,24690.1742631
0332,03320000,West Springfield,MuniK12,,N,,,,PK,12,45416675.1311,34348.431861
0073,00730000,Dedham,MuniK12,,N,,,,PK,12,27669925.4458,26695.826325
0162,01620000,Lunenburg,MuniK12,,N,,,,PK,12,71863140.0845,38127.2307277
0186,01860000,Millbury,MuniK12,,N,,,,PK,12,42590051.944,32222.2769947
0083,00830000,East Bridgewater,MuniK12,,N,,,,PK,12,45428309.9861,28489.3911542
0278,02780000,South Hadley,MuniK12,,N,,,,PK,12,47742393.2498,33276.4304141
0151,01510000,Leicester,MuniK12,,N,,,,PK,12,63799533.5172,32321.7353498
0271,02710000,Shrewsbury,MuniK12,,N,,,,PK,12,56348338.6348,32165.8765976
0308,03080000,Waltham,MuniK12,,N,,,,PK,12,35641539.7353,26261.417127
0217,02170000,North Reading,MuniK12,,N,,,,PK,12,34936710.7916,30483.1057807
0342,03420000,Wilmington,MuniK12,,N,,,,PK,12,44399123.0315,31733.7342423
0138,01380000,Hopedale,MuniK12,,N,,,,PK,12,13836175.4702,20150.3471579
0077,00770000,Douglas,MuniK12,,N,,,,PK,12,98158644.5747,44276.2722262
0103,01030000,Gardner,MuniK12,,N,,,,PK,12,59603256.5346,37834.076167
0330,03300000,Weston,MuniK12,,N,,,,PK,12,44885981.6288,30579.5459288
0191,01910000,Monson,MuniK12,,N,,,,PK,12,115984593.592,45989.136383
0226,02260000,Oxford,MuniK12,,N,,,,PK,12,71024192.6881,44612.8503778
0236,02360000,Pittsfield,MuniK12,,N,,,,PK,12,109989259.324,42063.9993402
0160,01600000,Lowell,MuniK12,,N,,,,PK,12,37630657.8659,28403.6640576
0344,03440000,Winchester,MuniK12,,N,,,,PK,12,16439015.8068,19080.5641317
0128,01280000,Haverhill,MuniK12,,N,,,,PK,12,92457998.4263,43123.4076072
0087,00870000,East Longmeadow,MuniK12,,N,,,,PK,12,33688897.8143,23285.4170463
0214,02140000,Northbridge,MuniK12,,N,,,,PK,12,46750345.4956,30706.1476727
0086,00860000,Easthampton,MuniK12,,N,,,,PK,12,35237336.2891,33943.9972683
0114,01140000,Greenfield,MuniK12,,N,,,,PK,12,56649477.6975,34664.7520135
0110,01100000,Grafton,MuniK12,,N,,,,PK,12,60355752.9669,33511.870244
0007,00070000,Amesbury,MuniK12,,N,,,,PK,12,35547168.617,26560.1469685
0204,02040000,Newburyport,MuniK12,,N,,,,PK,12,23933688.3065,35393.6026283
0144,01440000,Ipswich,MuniK12,,N,,,,PK,12,89515711.2777,74265.1321649
0234,02340000,Petersham,MuniElem,,N,,,Union 73,K,06,176748924.117,73405.7066295
0238,02380000,Plainville,MuniElem,,N,,,,PK,06,29776042.2378,23823.9325694
0240,02400000,Plympton,MuniElem,,N,,,Union 31,K,06,39121041.8238,27849.1165861
0249,02490000,Richmond,MuniElem,,Y,9-12,"Pittsfield, Berkshire Hills, Lenox",Union 70,PK,08,49282258.363,32478.0810628
0250,02500000,Rochester,MuniElem,,N,,,Union 55,PK,06,93327184.0191,43501.8699672
0211,02110000,North Andover,MuniK12,,N,,,,PK,12,71785076.4235,41127.5904279
0218,02180000,Norton,MuniK12,,N,,,,PK,12,75918561.772,36981.0016479
0136,01360000,Holliston,MuniK12,,N,,,,PK,12,49344837.133,33820.8309292
0177,01770000,Medway,MuniK12,,N,,,,PK,12,30216566.71,27338.5944292
0133,01330000,Holbrook,MuniK12,,N,,,,PK,12,19070454.5153,17630.6005704
0137,01370000,Holyoke,MuniK12,,N,,,,PK,12,59048524.8707,39801.7387995
0009,00090000,Andover,MuniK12,,N,,,,PK,12,83274583.6225,46867.690659
0046,00460000,Brookline,MuniK12,,N,,,,PK,12,17676103.6013,19268.3193888
0158,01580000,Littleton,MuniK12,,N,,,,PK,12,45351168.6213,27777.2939162
0181,01810000,Methuen,MuniK12,,N,,,,PK,12,59557813.6864,44707.1015891
0281,02810000,Springfield,MuniK12,,N,,,,PK,12,85669527.5599,40707.8465785
0014,00140000,Ashland,MuniK12,,N,,,,PK,12,33342677.447,25926.5179796
0274,02740000,Somerville,MuniK12,,N,,,,PK,12,10699846.2902,19786.9588634
0049,00490000,Cambridge,MuniK12,,N,,,,PK,12,18400398.6685,26475.6845563
0035,00350000,Boston,MuniK12,,N,,,,PK,12,130383961.678,191079.657748
0243,02430000,Quincy,MuniK12,,N,,,,PK,12,45071107.5521,66710.421209
0336,03360000,Weymouth,MuniK12,,N,,,,PK,12,46199162.0657,48254.9197744
0189,01890000,Milton,MuniK12,,N,,,,PK,12,34464524.1851,30936.5726131
0040,00400000,Braintree,MuniK12,,N,,,,PK,12,37404020.3865,27614.1647478
0131,01310000,Hingham,MuniK12,,N,,,,PK,12,58775429.4347,52054.2106218
0142,01420000,Hull,MuniK12,,N,,,,PK,12,8179131.9321,44678.5619822
0065,00650000,Cohasset,MuniK12,,N,,,,PK,12,26885050.6113,28051.8741783
0264,02640000,Scituate,MuniK12,,N,,,,PK,12,45596968.2182,61748.9609215
0219,02190000,Norwell,MuniK12,,N,,,,PK,12,54975198.7131,41301.3390541
0171,01710000,Marshfield,MuniK12,,N,,,,PK,12,74988382.5858,42636.0805212
0231,02310000,Pembroke,MuniK12,,N,,,,PK,12,61010111.6996,42291.6967494
0082,00820000,Duxbury,MuniK12,,N,,,,PK,12,62794308.442,63948.8942049
0293,02930000,Taunton,MuniK12,,N,,,,PK,12,125318834.564,71809.6297792
0292,02920000,Swansea,MuniK12,,N,,,,PK,12,59491899.9873,69568.0150566
0239,02390000,Plymouth,MuniK12,,N,,,,PK,12,266349252.366,103820.176733
0310,03100000,Wareham,MuniK12,,N,,,,PK,12,100375493.441,77762.1527006
0094,00940000,Fairhaven,MuniK12,,N,,,,PK,12,32176971.465,65338.5810653
0201,02010000,New Bedford,MuniK12,,N,,,,PK,12,52340275.2904,49780.313838
0072,00720000,Dartmouth,MuniK12,,N,,,,PK,12,164847758.808,77582.9743322
0331,03310000,Westport,MuniK12,,N,,,,PK,12,148111423.575,62044.5303374
0095,00950000,Fall River,MuniK12,,N,,,,PK,12,99829695.0112,63680.9641049
0036,00360000,Bourne,MuniK12,,N,,,,PK,12,108568026.778,99983.0083369
0261,02610000,Sandwich,MuniK12,,N,,,,PK,12,114251727.628,63235.4089687
0096,00960000,Falmouth,MuniK12,,N,,,,PK,12,122513826.027,80246.205049
0172,01720000,Mashpee,MuniK12,,N,,,,PK,12,68044250.2859,58538.5211704
0020,00200000,Barnstable,MuniK12,,N,,,,PK,12,169774235.668,81031.8928783
0197,01970000,Nantucket,MuniK12,,N,,,,PK,12,127265355.159,141444.968697
0074,00740000,Deerfield,MuniElem,,N,,,Union 38,PK,06,86638250.7133,45089.6433096
0078,00780000,Dover,MuniElem,,N,,,Union 50,PK,05,39933244.0342,37756.016717
0157,01570000,Lincoln,MuniElem,,N,,,,PK,08,38800943.9391,28930.0076812
0091,00910000,Erving,MuniElem,,Y,7-12,Gill-Montague,Union 28,PK,06,37259039.7635,34299.9957106
0098,00980000,Florida,MuniElem,,Y,9-12,North Adams,Union 43,PK,08,63708075.5991,49604.3225413
0118,01180000,Halifax,MuniElem,,N,,,Union 31,K,06,45028534.8141,29497.4662572
0121,01210000,Hancock,MuniElem,,Y,7-12,Mount Greylock,Union 70,PK,06,92566394.2307,57656.7353802
0135,01350000,Holland,MuniElem,,N,,,Union 61,PK,06,33822722.8982,23971.0453611
0154,01540000,Leverett,MuniElem,,N,,,Union 28,PK,06,59460360.3071,31459.9115084
0223,02230000,Orange,MuniElem,,N,,,Union 73,PK,06,93267416.4082,53897.9178213
0184,01840000,Middleton,MuniElem,,N,,,Union 58,PK,06,37520730.6942,30904.8619758
0208,02080000,Norfolk,MuniElem,,N,,,,PK,06,39875151.8888,28905.2053809
0213,02130000,Northborough,MuniElem,,N,,,Union 3,PK,08,48545037.7847,30234.1312189
0252,02520000,Rockport,MuniK12,,N,,,,PK,12,17871586.0475,23016.7073642
0107,01070000,Gloucester,MuniK12,,N,,,,PK,12,71254540.4106,81485.9240089
0030,00300000,Beverly,MuniK12,,N,,,,PK,12,40149289.0644,31553.0456617
0071,00710000,Danvers,MuniK12,,N,,,,PK,12,35970097.9073,33562.0790907
0229,02290000,Peabody,MuniK12,,N,,,,PK,12,43520406.4087,29568.6219334
0258,02580000,Salem,MuniK12,,N,,,,PK,12,21111613.1546,31107.5792941
0168,01680000,Marblehead,MuniK12,,N,,,,PK,12,11225246.174,23683.0389276
0291,02910000,Swampscott,MuniK12,,N,,,,PK,12,8053224.26163,13358.033131
0163,01630000,Lynn,MuniK12,,N,,,,PK,12,30026657.1422,25059.1138376
0262,02620000,Saugus,MuniK12,,N,,,,PK,12,29679564.8007,27558.0009321
0178,01780000,Melrose,MuniK12,,N,,,,PK,12,12348565.7772,15101.9841616
0284,02840000,Stoneham,MuniK12,,N,,,,PK,12,17213714.0417,18559.0567177
0248,02480000,Revere,MuniK12,,N,,,,PK,12,16454458.1323,27577.1238321
0165,01650000,Malden,MuniK12,,N,,,,PK,12,13148310.8552,17284.9031063
0176,01760000,Medford,MuniK12,,N,,,,PK,12,22027807.562,24578.9270615
0093,00930000,Everett,MuniK12,,N,,,,PK,12,8926268.1695,15548.1045581
0057,00570000,Chelsea,MuniK12,,N,,,,PK,12,5747130.57605,12390.0505407
0346,03460000,Winthrop,MuniK12,,N,,,,PK,12,5888644.1391,25608.9076423
0276,02760000,Southborough,MuniElem,,N,,,Union 3,PK,08,40205358.4962,27678.8005301
0287,02870000,Sturbridge,MuniElem,,N,,,Union 61,PK,06,100920400.641,49232.818314
0288,02880000,Sudbury,MuniElem,,N,,,,PK,08,64092081.2924,39739.970671
0289,02890000,Sunderland,MuniElem,,N,,,Union 38,PK,06,38166560.6534,26659.4255343
0169,01690000,Marion,MuniElem,,N,,,Union 55,PK,06,36843878.7555,56584.0981605
0318,03180000,Wellfleet,MuniElem,,N,,,Union 54,PK,05,55083014.0038,62612.8210842
0306,03060000,Wales,MuniElem,,N,,,Union 61,PK,06,41371479.8321,26386.2125123
0327,03270000,Westhampton,MuniElem,,N,,,Union 66,PK,06,70859022.3192,34724.9885416
0337,03370000,Whately,MuniElem,,N,,,Union 38,PK,06,53523815.9439,32807.4681439
0340,03400000,Williamsburg,MuniElem,,N,,,Union 66,PK,06,66490371.6339,36652.4715174
0349,03490000,Worthington,MuniElem,,Y,7-12,Hampshire,,PK,06,83146520.8876,45078.9891287
0350,03500000,Wrentham,MuniElem,,N,,,,PK,06,58538617.3462,38486.8914154
0085,00850000,Eastham,MuniElem,,N,,,Union 54,K,05,37301057.1084,65729.3828316
0224,02240000,Orleans,MuniElem,,N,,,Union 54,PK,05,39866150.7559,62814.5875091
0041,00410000,Brewster,MuniElem,,N,,,Union 54,PK,05,66068355.6196,41698.64323
0296,02960000,Tisbury,MuniElem,,N,,,Union 19,PK,08,17021272.6338,39876.2179924
0221,02210000,Oak Bluffs,MuniElem,,N,,,Union 19,PK,08,19175294.7719,34447.853751
0089,00890000,Edgartown,MuniElem,,N,,,Union 19,PK,08,73621453.9887,101696.663083
0130,01300000,Heath,Member,,Y,PK-6,Hawlemont,,,,64524358.5404,33843.4293227
0145,01450000,Kingston,MuniElem,,N,,,Union 31,K,06,49387716.3487,31362.4565307
0173,01730000,Mattapoisett,MuniElem,,N,,,Union 55,PK,06,45711831.9004,48398.8227215
0117,01170000,Hadley,MuniK12,,N,,,,PK,12,63746571.7093,50459.8479552
0149,01490000,Lawrence,MuniK12,,N,,,,PK,12,19238173.7382,21162.9940986
0023,00230000,Bedford,MuniK12,,N,,,,PK,12,35840949.7263,24810.3178902
0027,00270000,Berkley,MuniElem,,N,,,,PK,08,42872675.0469,37296.4816469
0273,02730000,Somerset,MuniElem,,N,,,,PK,08,21237214.6891,35651.2820758
0230,02300000,Pelham,MuniElem,,N,,,Union 26,K,06,68761050.5764,40430.2109479
0269,02690000,Sherborn,MuniElem,,N,,,Union 50,PK,05,41841240.8933,30651.8875075
0298,02980000,Topsfield,MuniElem,,N,,,Union 58,PK,06,33152923.1379,31884.1358332
0272,02720000,Shutesbury,MuniElem,,N,,,Union 28,PK,06,70211872.48,40555.2285186
0253,02530000,Rowe,MuniElem,,Y,7-12,Mohawk Trail,Union 43,PK,06,62163485.5755,39761.0537268
0263,02630000,Savoy,MuniElem,,Y,6-12,Adams-Cheshire,Union 43,PK,05,93310332.5865,45397.0197137
0275,02750000,Southampton,MuniElem,,N,,,Union 66,PK,06,74971617.8838,43242.5737201
